Open,High,Low,Close,Volume,Dividends,Stock Splits
161.83999633789062,166.1999969482422,159.58999633789062,159.82000732421875,74684454,0,0
