Open,High,Low,Close,Volume,Dividends,Stock Splits
288.6099853515625,289.8800048828125,282.5201110839844,282.63299560546875,15767703,0,0
