Open,High,Low,Close,Volume,Dividends,Stock Splits
902.25,934.39990234375,890.0900268554688,896.8895263671875,20513017,0,0
